ARC,ARC Camaro,ARC Camaro,2025,Chevrolet
Caterham,Caterham 620R,Caterham 620R,2025,Caterham
Caterham,Caterham Academy,Caterham Academy,2025,Caterham
Caterham,Caterham Superlight,Caterham Superlight,2025,Caterham
Caterham,Caterham Academy,Caterham Academy,2025,Caterham
Copa Classic B,Chevrolet Chevette,Chevrolet Chevette,2025,Chevrolet
Copa Classic B,Gol Classic B,Gol Classic B,2025,Reiza
Copa Classic B,MINI Cooper S 1965 B,MINI Cooper S 1965 B,2025,MINI
Copa Classic B,MINI Cooper S 1965 B,MINI Cooper S 1965 B,2025,MINI
Copa Classic B,Passat Classic B,Passat Classic B,2025,Reiza
Copa Classic B,Puma GTE,Puma GTE,2025,Puma
Copa Classic B,Uno Classic B,Uno Classic B,2025,Reiza
Copa Classic FL,Fusca Classic FL,Fusca Classic FL,2025,Reiza
Copa Classic FL,Gol Classic FL,Gol Classic FL,2025,Reiza
Copa Classic FL,Passat Classic FL,Passat Classic FL,2025,Reiza
Copa Classic FL,Puma GTB,Puma GTB,2025,Puma
Fusca,Copa Fusca,Copa Fusca,2025,Reiza
Copa Montana,Copa Montana,Copa Montana,2025,Chevrolet
Copa Truck,Iveco Stralis,Iveco Stralis,2025,Iveco
Copa Truck,Man TGX,Man TGX,2025,Man
Copa Truck,Mercedes-Benz Actros,Mercedes-Benz Actros,2025,Mercedes
Copa Truck,Volkswagen Constellation,Volkswagen Constellation,2025,Volkswagen
Copa Truck,Vulcan Truck,Vulcan Truck,2025,Reiza
Copa Uno 1,Copa Uno,Copa Uno,2025,Reiza
DPI,Cadillac DPi VR,Cadillac DPi VR,2025,Cadillac
Formula HiTech Gen1,Formula HiTech Gen 1 Model1,Formula HiTech Gen 1 Model1,2025,Reiza
Formula HiTech Gen1,Formula HiTech Gen 1 Model2,Formula HiTech Gen 1 Model2,2025,Reiza
Formula HiTech Gen1,Formula HiTech Gen 1 Model3,Formula HiTech Gen 1 Model3,2025,Reiza
Formula HiTech Gen1,Formula HiTech Gen 1 Model4,Formula HiTech Gen 1 Model4,2025,Reiza
Formula HiTech Gen1,McLaren Honda MP4/7A,McLaren Honda MP4/7A,2025,McLaren
Formula HiTech Gen2,Formula HiTech Gen 2 Model1,Formula HiTech Gen 2 Model1,2025,Reiza
Formula HiTech Gen2,Formula HiTech Gen 2 Model2,Formula HiTech Gen 2 Model2,2025,Reiza
Formula HiTech Gen2,Formula HiTech Gen 2 Model3,Formula HiTech Gen 2 Model3,2025,Reiza
Formula HiTech Gen2,McLaren Cosworth MP4/8,McLaren Cosworth MP4/8,2025,McLaren
F3,Dallara F301,Dallara F301,2025,Dallara
F3,Dallara F309,Dallara F309,2025,Dallara
Formula Classic Gen1,Formula Classic Gen1 Model1,Formula Classic Gen1 Model1,2025,Reiza
Formula Classic Gen1,Formula Classic Gen1 Model2,Formula Classic Gen1 Model2,2025,Reiza
Formula Classic Gen1,Lotus Renault 98T,Lotus Renault 98T,2025,Lotus
Formula Classic Gen2,Formula Classic Gen2 Model1,Formula Classic Gen2 Model1,2025,Reiza
Formula Classic Gen2,Formula Classic Gen2 Model2,Formula Classic Gen2 Model2,2025,Reiza
Formula Classic Gen2,Formula Classic Gen2 Model3,Formula Classic Gen2 Model3,2025,Reiza
Formula Classic Gen2,McLaren Honda MP4/4,McLaren Honda MP4/4,2025,McLaren
Formula Classic Gen3,Formula Classic Gen3 Model1,Formula Classic Gen3 Model1,2025,Reiza
Formula Classic Gen3,Formula Classic Gen3 Model2,Formula Classic Gen3 Model2,2025,Reiza
Formula Classic Gen3,Formula Classic Gen3 Model3,Formula Classic Gen3 Model3,2025,Reiza
Formula Classic Gen3,Formula Classic Gen3 Model4,Formula Classic Gen3 Model4,2025,Reiza
Formula Classic Gen3,McLaren Honda MP4/5B,McLaren Honda MP4/5B,2025,McLaren
Formula Classic Gen4,Formula Classic Gen4 Model1,Formula Classic Gen4 Model1,2025,Reiza
Formula Classic Gen4,Formula Classic Gen4 Model2,Formula Classic Gen4 Model2,2025,Reiza
Formula Classic Gen4,Formula Classic Gen4 Model3,Formula Classic Gen4 Model3,2025,Reiza
Formula Classic Gen4,McLaren Honda MP4/6,McLaren Honda MP4/6,2025,McLaren
Formula Dirt,Formula Dirt,Formula Dirt,2025,Reiza
Formula Inter,Formula Inter MG-15,Formula Inter MG-15,2025,Lopes
Formula Junior,Formula Junior,Formula Junior,2025,Reiza
Formula Reiza,Formula Reiza,Formula Reiza,2025,Reiza
Formula Retro Gen1,Brabham BT44,Brabham BT44,2025,Brabham
Formula Retro Gen1,Formula Retro V12,Formula Retro V12,2025,Reiza
Formula Retro Gen1,Formula Retro V8,Formula Retro V8,2025,Reiza
Formula Retro Gen1,Lotus 72E,Lotus 72E,2025,Lotus
Formula Retro Gen1,McLaren M23,McLaren M23,2025,McLaren
Formula Retro Gen2,Brabham Alfa Romeo BT46B,Brabham Alfa Romeo BT46B,2025,Brabham
Formula Retro Gen2,Brabham Cosworth BT49,Brabham Cosworth BT49,2025,Brabham
Formula Retro Gen2,Formula Retro Gen2,Formula Retro Gen2,2025,Reiza
Formula Retro Gen2,Lotus 79,Lotus 79,2025,Lotus
Formula Retro Gen3,Brabham BMW BT52,Brabham BMW BT52,2025,Brabham
Formula Retro Gen3,Formula Retro Gen3 DFY,Formula Retro Gen3 DFY,2025,Reiza
Formula Retro Gen3,Formula Retro Gen3 Turbo,Formula Retro Gen3 Turbo,2025,Reiza
Formula Retro Gen3,McLaren Cosworth MP4/1C,McLaren Cosworth MP4/1C,2025,McLaren
Formula Trainer,Formula Trainer,Formula Trainer,2025,Reiza
Formula Trainer,Formula Trainer Advanced,Formula Trainer Advanced,2025,Reiza
Formula Ultimate,Formula Ultimate Gen1,Formula Ultimate Gen1,2025,Reiza
Formula Ultimate,Formula Ultimate Gen2,Formula Ultimate Gen2,2025,Reiza
Formula USA 2023,Formula USA 2023,Formula USA 2023,2025,Reiza
Formula USA Gen1,Lola T95/00 Ford Cosworth,Lola T95/00 Ford Cosworth,2025,Lola
Formula USA Gen1,Lola T95/00 Mercedes-Benz,Lola T95/00 Mercedes-Benz,2025,Lola
Formula USA Gen1,Reynard 95i Ford Cosworth,Reynard 95i Ford Cosworth,2025,Reynard
Formula USA Gen1,Reynard 95i Honda,Reynard 95i Honda,2025,Reynard
Formula USA Gen1,Reynard 95i Mercedes-Benz,Reynard 95i Mercedes-Benz,2025,Reynard
Formula USA Gen2,Lola T98/00 Ford Cosworth,Lola T98/00 Ford Cosworth,2025,Lola
Formula USA Gen2,Reynard 98i Ford Cosworth,Reynard 98i Ford Cosworth,2025,Reynard
Formula USA Gen2,Reynard 98i Honda,Reynard 98i Honda,2025,Reynard
Formula USA Gen2,Reynard 98i Mercedes-Benz,Reynard 98i Mercedes-Benz,2025,Reynard
Formula USA Gen2,Reynard 98i Toyota,Reynard 98i Toyota,2025,Reynard
Formula USA Gen2,Swift 009c Ford-Cosworth,Swift 009c Ford-Cosworth,2025,Swift
Formula USA Gen3,Lola B2K00 Ford-Cosworth,Lola B2K00 Ford-Cosworth,2025,Lola
Formula USA Gen3,Lola B2K00 Mercedes-Benz,Lola B2K00 Mercedes-Benz,2025,Lola
Formula USA Gen3,Lola B2K00 Toyota,Lola B2K00 Toyota,2025,Lola
Formula USA Gen3,Reynard 2Ki Ford-Cosworth,Reynard 2Ki Ford-Cosworth,2025,Reynard
Formula USA Gen3,Reynard 2Ki Honda,Reynard 2Ki Honda,2025,Reynard
Formula USA Gen3,Reynard 2Ki Mercedes-Benz,Reynard 2Ki Mercedes-Benz,2025,Reynard
Formula USA Gen3,Reynard 2Ki Toyota,Reynard 2Ki Toyota,2025,Reynard
Formula V10 Gen1,Formula V10 Gen1,Formula V10 Gen1,2025,Reiza
Formula V10 Gen1,McLaren Mercedes MP4/12,McLaren Mercedes MP4/12,2025,McLaren
Formula V10 Gen2,Formula V10 Gen2,Formula V10 Gen2,2025,Reiza
Formula V12,Formula V12,Formula V12,2025,Reiza
Formula Vee Gen1,Formula Vee Gen1,Formula Vee Gen1,2025,Reiza
Formula Vee Gen1,Formula Vee Gen1 + Fin,Formula Vee Gen1 + Fin,2025,Reiza
Formula Vee Gen2,Formula Vee Gen2,Formula Vee Gen2,2025,Reiza
Formula Vintage Gen1,Formula Vintage Gen1 Model1,Formula Vintage Gen1 Model1,2025,Reiza
Formula Vintage Gen1,Formula Vintage Gen1 Model2,Formula Vintage Gen1 Model2,2025,Reiza
Formula Vintage Gen2,Brabham BT26A,Brabham BT26A,2025,Brabham
Formula Vintage Gen2,Formula Vintage Gen2 Model1,Formula Vintage Gen2 Model1,2025,Reiza
Formula Vintage Gen2,Formula Vintage Gen2 Model2,Formula Vintage Gen2 Model2,2025,Reiza
Formula Vintage Gen2,Lotus 49C,Lotus 49C,2025,Lotus
Ginetta Cup,Ginetta G40 Cup,Ginetta G40 Cup,2025,Ginetta
Ginetta GT4,Ginetta G55 GT4 Supercup,Ginetta G55 GT4 Supercup,2025,Ginetta
German Group,Audi V8 quattro DTM,Audi V8 quattro DTM,2025,Audi
German Group,BMW M3 Sport Evo Group A,BMW M3 Sport Evo Group A,2025,BMW
German Group,Mercedes-Benz 190E 2.5-16 Evo II DTM,Mercedes-Benz 190E 2.5-16 Evo II DTM,2025,Mercedes
Group C,Chevrolet Corvette GTP,Chevrolet Corvette GTP,2025,Chevrolet
Group C,Nissan R89C,Nissan R89C,2025,Nissan
Group C,Porsche 962C,Porsche 962C,2025,Porsche
Group C,Sauber Mercedes C9,Sauber Mercedes C9,2025,Mercedes
GT Classics,Chevrolet Corvette C3.R,Chevrolet Corvette C3.R,2025,Chevrolet
GT Classics,Chevrolet Corvette C3.R Convertible,Chevrolet Corvette C3.R Convertible,2025,Chevrolet
GT Classics,Porsche 911 RSR 1974,Porsche 911 RSR 1974,2025,Porsche
GT Open,Ginetta G55 GT3,Ginetta G55 GT3,2025,Ginetta
GT Open,Ultima GTR Race,Ultima GTR Race,2025,Ultima
GT1,McLaren F1 GTR,McLaren F1 GTR,2025,McLaren
GT1,Mercedes-Benz CLK LM,Mercedes-Benz CLK LM,2025,Mercedes
GT1,Nissan R390 GT1,Nissan R390 GT1,2025,Nissan
GT1,Porsche 911 GT1-98,Porsche 911 GT1-98,2025,Porsche
GT1 2005,Lamborghini Murcielago R-GT,Lamborghini Murcielago R-GT,2025,Lamborghini
GT1 2005,Aston Martin DBR9,Aston Martin DBR9,2025,Aston Martin
GT1 2005,Chevrolet Corvette C5-R,Chevrolet Corvette C5-R,2025,Chevrolet
GT1 2005,Dodge Viper GTS-R,Dodge Viper GTS-R,2025,Dodge
GT1 2005,Maserati MC12 GT1,Maserati MC12 GT1,2025,Maserati
GT2 2005,Milano GT36,Milano GT36,2025,Reiza
GT2 2005,Porsche 996 GT3 RSR,Porsche 996 GT3 RSR,2025,Porsche
GT3 Gen1,Audi R8 LMS GT3,Audi R8 LMS GT3,2025,Audi
GT3 Gen1,BMW M6 GT3,BMW M6 GT3,2025,BMW
GT3 Gen1,McLaren 720S GT3,McLaren 720S GT3,2025,McLaren
GT3 Gen1,Mercedes-AMG GT3,Mercedes-AMG GT3,2025,Mercedes
GT3 Gen1,Nissan GT-R Nismo GT3,Nissan GT-R Nismo GT3,2025,Nissan
GT3 Gen1,Porsche 911 GT3 R,Porsche 911 GT3 R,2025,Porsche
GT3 Gen2,Aston Martin Vantage GT3 Evo,Aston Martin Vantage GT3 Evo,2025,Aston Martin
GT3 Gen2,Audi R8 LMS GT3 evo II,Audi R8 LMS GT3 evo II,2025,Audi
GT3 Gen2,BMW M4 GT3,BMW M4 GT3,2025,BMW
GT3 Gen2,Chevrolet Corvette Z06 GT3.R,Chevrolet Corvette Z06 GT3.R,2025,Chevrolet
GT3 Gen2,Lamborghini Huracan GT3 EVO2,Lamborghini Huracan GT3 EVO2,2025,Lamborghini
GT3 Gen2,McLaren 720S GT3 Evo,McLaren 720S GT3 Evo,2025,McLaren
GT3 Gen2,Mercedes-AMG GT3 Evo,Mercedes-AMG GT3 Evo,2025,Mercedes
GT3 Gen2,Porsche 992 GT3 R,Porsche 992 GT3 R,2025,Porsche
GT4,Alpine A110 GT4 Evo,Alpine A110 GT4 Evo,2025,Alpine
GT4,Aston Martin Vantage GT4 Evo,Aston Martin Vantage GT4 Evo,2025,Aston Martin
GT4,Audi R8 LMS GT4,Audi R8 LMS GT4,2025,Audi
GT4,BMW M4 GT4,BMW M4 GT4,2025,BMW
GT4,Chevrolet Camaro GT4.R,Chevrolet Camaro GT4.R,2025,Chevrolet
GT4,Ginetta G55 GT4,Ginetta G55 GT4,2025,Ginetta
GT4,McLaren 570S GT4,McLaren 570S GT4,2025,McLaren
GT4,Mercedes-AMG- GT4,Mercedes-AMG- GT4,2025,Mercedes
GT4,Alpine A110 GT4 Evo,Alpine A110 GT4 Evo,2025,Alpine
GT5,Ginetta G40,Ginetta G40,2025,Ginetta
GT5,Puma P052,Puma P052,2025,Puma
GTE,Aston Martin Vantage GTE,Aston Martin Vantage GTE,2025,Aston Martin
GTE,BMW M8 GTE,BMW M8 GTE,2025,BMW
GTE,Chevrolet Corvette C8.R,Chevrolet Corvette C8.R,2025,Chevrolet
GTE,Porsche 911 RSR GTE,Porsche 911 RSR GTE,2025,Porsche
GTR 2004,BMW M3 E46 GTR,BMW M3 E46 GTR,2025,BMW
Hot Cars,Fusca 1 Hot Cars,Fusca 1 Hot Cars,2025,Reiza
Hot Cars,Fusca 2 Hot Cars,Fusca 2 Hot Cars,2025,Reiza
Hot Cars,Gol Hot Cars,Gol Hot Cars,2025,Reiza
Hot Cars,Passat Hot Cars,Passat Hot Cars,2025,Reiza
Hyper Cars,Brabham BT62,Brabham BT62,2025,Brabham
Hyper Cars,Lamborghini Revuelto,Lamborghini Revuelto,2025,Lamborghini
Hyper Cars,Lamborghini Veneno Roadster,Lamborghini Veneno Roadster,2025,Lamborghini
Hyper Cars,McLaren Senna,McLaren Senna,2025,McLaren
Karting,Kart 2-Stroke 125cc Direct,Kart 2-Stroke 125cc Direct,2025,Reiza
Karting,Kart 4-Stroke Race,Kart 4-Stroke Race,2025,Reiza
Karting,Kart 4-Stroke Rental,Kart 4-Stroke Rental,2025,Reiza
Karting,Kart 2-Stroke 125cc Shifter,Kart 2-Stroke 125cc Shifter,2025,Reiza
Kart Cross,Kart Cross,Kart Cross,2025,Reiza
Lancer Cup,Mitsubishi Lancer R,Mitsubishi Lancer R,2025,Mitsubishi
Lancer Cup,Mitsubishi Lancer RS,Mitsubishi Lancer RS,2025,Mitsubishi
Ligier European Series,Ligier JS P4,Ligier JS P4,2025,Ligier
Ligier European Series,Ligier JS2 R,Ligier JS2 R,2025,Ligier
LMDh,Alpine A424,Alpine A424,2025,Alpine
LMDh,Aston Martin Valkyrie Hypercar,Aston Martin Valkyrie Hypercar,2025,Aston Martin
LMDh,BMW M Hybrid V8,BMW M Hybrid V8,2025,BMW
LMDh,Cadillac V-Series R,Cadillac V-Series R,2025,Cadillac
LMDh,Lamborghini SC63,Lamborghini SC63,2025,Lamborghini
LMDh,Porsche 963,Porsche 963,2025,Porsche
LMP1 2005,Audi R8 LMP1,Audi R8 LMP1,2025,Audi
LMP1 2005,Courage C60 Hybrid,Courage C60 Hybrid,2025,Courage
LMP1 2005,Dallara SP1,Dallara SP1,2025,Dallara
LMP2 Gen 1,Ligier JS P217 Gen 1,Ligier JS P217 Gen 1,2025,Ligier
LMP2 Gen 1,Oreca 07 Gen 1,Oreca 07 Gen 1,2025,Oreca
LMP2 Gen 2,Ligier JS P217 Gen 2,Ligier JS P217 Gen 2,2025,Ligier
LMP2 2005,Lola B05/40 V8,Lola B05/40 V8,2025,Lola
LMP2 2005,Lola B05/40 Turbo,Lola B05/40 Turbo,2025,Lola
MINI JCW UK,MINI Cooper JCW,MINI Cooper JCW,2025,MINI
Opala Stock Cars,Chevrolet Opala Old Stock Race,Chevrolet Opala Old Stock Race,2025,Chevrolet
Opala Stock Cars,Chevrolet Opala Stock Cars 1979,Chevrolet Opala Stock Cars 1979,2025,Chevrolet
Opala Stock Cars,Chevrolet Opala Stock Cars 1986,Chevrolet Opala Stock Cars 1986,2025,Chevrolet
P1 Gen1,Ginetta G58,Ginetta G58,2025,Ginetta
P1 Gen1,MetalMoro AJR Chevrolet,MetalMoro AJR Chevrolet,2025,MetalMoro
P1 Gen1,MetalMoro AJR Honda,MetalMoro AJR Honda,2025,MetalMoro
P1 Gen1,MetalMoro AJR Judd,MetalMoro AJR Judd,2025,MetalMoro
P1 Gen1,MetalMoro AJR Nissan,MetalMoro AJR Nissan,2025,MetalMoro
P1 Gen2,Ginetta G58 Gen2,Ginetta G58 Gen2,2025,Ginetta
P1 Gen2,Ligier JS P320,Ligier JS P320,2025,Ligier
P1 Gen2,MetalMoro AJR Gen2 Chevrolet,MetalMoro AJR Gen2 Chevrolet,2025,MetalMoro
P1 Gen2,MetalMoro AJR Gen2 Honda,MetalMoro AJR Gen2 Honda,2025,MetalMoro
P1 Gen2,MetalMoro AJR Gen2 Nissan,MetalMoro AJR Gen2 Nissan,2025,MetalMoro
P1 Gen2,Sigma P1 G5,Sigma P1 G5,2025,Sigma
P2,MetalMoro MRX Duratec Turbo P2,MetalMoro MRX Duratec Turbo P2,2025,MetalMoro
P2,Sigma P1,Sigma P1,2025,Sigma
P3,MetalMoro MRX Duratec Turbo P3,MetalMoro MRX Duratec Turbo P3,2025,MetalMoro
P3,MetalMoro MRX Honda P3,MetalMoro MRX Honda P3,2025,MetalMoro
P3,Roco 001,Roco 001,2025,Roco
P4,MCR S2000,MCR S2000,2025,MCR
P4,MetalMoro MRX Duratec P4,MetalMoro MRX Duratec P4,2025,MetalMoro
Porsche Carrera Cup,Porsche 911 GT3 Cup 3.8,Porsche 911 GT3 Cup 3.8,2025,Porsche
Porsche Carrera Cup,Porsche 911 GT3 Cup 4.0,Porsche 911 GT3 Cup 4.0,2025,Porsche
M1 Procar,BMW Procar,BMW Procar,2025,BMW
RX,Citroen DS3 RX,Citroen DS3 RX,2025,Citroen
RX,MINI Countryman R60 RX,MINI Countryman R60 RX,2025,MINI
RX,Mitsubishi Lancer Evo10 RX,Mitsubishi Lancer Evo10 RX,2025,Mitsubishi
RX,Volkswagen Polo RX,Volkswagen Polo RX,2025,Volkswagen
XL Sprint Race,Sprint Race,Sprint Race,2025,XL Sprint Race
StockCar Brasil,Chevrolet Omega Stock Car 1999,Chevrolet Omega Stock Car 1999,2025,Chevrolet
StockCar,Chevrolet Cruze Stock Car 2019,Chevrolet Cruze Stock Car 2019,2025,Chevrolet
StockCar Nova Geração,Chevrolet Cruze Stock Car 2020,Chevrolet Cruze Stock Car 2020,2025,Chevrolet
StockCar Nova Geração,Toyota Corolla Stock Car 2020,Toyota Corolla Stock Car 2020,2025,Toyota
StockCar,Chevrolet Cruze Stock Car 2021,Chevrolet Cruze Stock Car 2021,2025,Chevrolet
StockCar,Toyota Corolla Stock Car 2021,Toyota Corolla Stock Car 2021,2025,Toyota
StockCar Pro Series,Chevrolet Cruze Stock Car 2022,Chevrolet Cruze Stock Car 2022,2025,Chevrolet
StockCar Pro Series,Toyota Corolla Stock Car 2022,Toyota Corolla Stock Car 2022,2025,Toyota
StockCar 2023,Chevrolet Cruze Stock Car 2023,Chevrolet Cruze Stock Car 2023,2025,Chevrolet
StockCar 2023,Toyota Corolla Stock Car 2023,Toyota Corolla Stock Car 2023,2025,Toyota
StockCar 2024,Chevrolet Cruze Stock Car 2024,Chevrolet Cruze Stock Car 2024,2025,Chevrolet
StockCar 2024,Toyota Corolla Stock Car 2024,Toyota Corolla Stock Car 2024,2025,Toyota
Street Cars,Chevrolet Camaro SS,Chevrolet Camaro SS,2025,Chevrolet
Super Trophy Trucks,Super Trophy Trucks,Super Trophy Trucks,2025,Chevrolet
Super Trofeo,Lamborghini Huracan Super Trofeo EVO2,Lamborghini Huracan Super Trofeo EVO2,2025,Lamborghini
Diablo Super Trofeo,Lamborghini Diablo SV-R,Lamborghini Diablo SV-R,2025,Lamborghini
Super V8,Super V8,Super V8,2025,Reiza
Super Cars,Chevrolet Corvette C8 Zo6 (+Z07 Upgrade),Chevrolet Corvette C8 Zo6 (+Z07 Upgrade),2025,Chevrolet
Super Cars,McLaren F1 LM,McLaren F1 LM,2025,McLaren
Super Cars,Ultima GTR,Ultima GTR,2025,Ultima
Superkart,Superkart 250cc,Superkart 250cc,2025,Reiza
TSI Cup,Volkswagen Polo,Volkswagen Polo,2025,Volkswagen
TSI Cup,Volkswagen Polo GTS,Volkswagen Polo GTS,2025,Volkswagen
TSI Cup,Volkswagen Virtus,Volkswagen Virtus,2025,Volkswagen
TSI Cup,Volkswagen Virtus GTS,Volkswagen Virtus GTS,2025,Volkswagen
Vintage Cars Tier 1,BMW 2002 Turbo,BMW 2002 Turbo,2025,BMW
Vintage Cars Tier 1,Chevrolet Corvette C3,Chevrolet Corvette C3,2025,Chevrolet
Vintage Cars Tier 1,Lamborghini Miura SV,Lamborghini Miura SV,2025,Lamborghini
Vintage Cars Tier 2,Lotus 23,Lotus 23,2025,Lotus
Vintage Cars Tier 2,MINI Cooper S 1965,MINI Cooper S 1965,2025,MINI
