HY,Alpine A424,Alpine A424,2025,Alpine
HY,Aston Martin Valkyrie,Aston Martin Valkyrie,2025,Aston Martin
HY,BMW M Hybrid V8,BMW M Hybrid V8,2025,BMW
HY,Cadillac V-Series.R,Cadillac V-Series.R,2025,Cadillac
HY,Ferrari 499P,Ferrari 499P,2025,Ferrari
HY,Glickenhaus SCG 007,Glickenhaus SCG 007,2025,Glickenhaus
HY,Isotta Fraschini Tipo 6,Isotta Fraschini Tipo 6,2025,Isotta Fraschini
HY,Lamborghini SC63,Lamborghini SC63,2025,Lamborghini
HY,Peugeot 9X8,Peugeot 9X8,2025,Peugeot
HY,Peugeot 9X8 2024,Peugeot 9X8 2024,2025,Peugeot
HY,Porsche 963,Porsche 963,2025,Porsche
HY,Toyota GR010-Hybrid,Toyota GR010-Hybrid,2025,Toyota
HY,Vanwall Vandervell 680,Vanwall Vandervell 680,2025,Vanwall
P2,ORECA 07 Gibson 2023,ORECA 07 Gibson 2023,2025,ORECA
P2,ORECA 07 Gibson 2024,ORECA 07 Gibson 2024,2025,ORECA
GTE,Aston Martin Vantage AMR,Aston Martin Vantage AMR,2025,Aston Martin
GTE,Ferrari 488 GTE Evo,Ferrari 488 GTE Evo,2025,Ferrari
GTE,Porsche 911 RSR-19,Porsche 911 RSR-19,2025,Porsche
GTE,Chevrolet Corvette C8.R,Chevrolet Corvette C8.R,2025,Chevrolet
GT3,Aston Martin Vantage AMR LMGT3,Aston Martin Vantage AMR LMGT3,2025,Aston Martin
GT3,BMW M4 LMGT3,BMW M4 LMGT3,2025,BMW
GT3,Corvette Z06 LMGT3.R,Corvette Z06 LMGT3.R,2025,Chevrolet
GT3,Ferrari 296 LMGT3,Ferrari 296 LMGT3,2025,Ferrari
GT3,Ford Mustang LMGT3,Ford Mustang LMGT3,2025,Ford
GT3,Lamborghini Huracan LMGT3 Evo2,Lamborghini Huracan LMGT3 Evo2,2025,Lamborghini
GT3,Lexus RC F LMGT3,Lexus RC F LMGT3,2025,Lexus
GT3,McLaren 720S LMGT3 Evo,McLaren 720S LMGT3 Evo,2025,McLaren
GT3,Porsche 911 GT3 R LMGT3,Porsche 911 GT3 R LMGT3,2025,Porsche
GT3,Mercedes-AMG LMGT3,Mercedes-AMG LMGT3,2025,Mercedes
P3,Ligier JS P325,Ligier JS P325,2025,Ligier
P3,Ginetta G61-LT-P325-Evo,Ginetta G61-LT-P325-Evo,2025,Ligier
